﻿PARENT NAME,PARENT TICKER,SPINOFF NAME,SPINOFF TICKER,SPINOFF DATE
Apartment & Investment Management Company (AIMCO),AIV,Apartment Income REIT Corp,AIRC,12/15/2020
SYNNEX Corporation,SNX,Concentrix Corporation,CNXC,12/1/2020
Fortive Corporation,FTV,Vontier Corporation,VNT,10/9/2020
Bluegreen Vacation Holding Corporation (FKA: BBX Capital),BBX,BBX Capital,BBXIB,9/30/2020
Siemens AG,SIEGY,Siemens Energy AG,SMNEY,9/28/2020
SunPower,SPWR,Maxeon Solar Technologies,MAXN,8/27/2020
Smith & Wesson Brands,info,American Outdoor Brands,AOUT,8/24/2020
Associated Capital Group,AC,Morgan Group Holding Co,MGHL,8/5/2020
IAC Holdings,IAC,Match Group,MTCH,6/30/2020
MSG Sports,MSGS,MSG Entertainment,MSGE,4/20/2020
Raytheon Technologies (FKA: United Technologies),RTX,Otis Worldwide,OTIS,4/3/2020
Howmet Aerospace (FKA Arconic),ARNC,Arconic Inc,ARNC,4/1/2020
Electrolux,ELUXY,Electrolux Professional,EPRO-A,3/18/2020
Trane Technologies (FKA: Ingersoll-Rand),TT,Ingersoll-Rand (merger of Gardner-Denver & Ingersoll-Rand Industrial),IR,2/29/2020
Danaher,DHR,Envista,NVST,12/18/2019
Nuance Communications,NUAN,Cerence,CRNC,10/1/2019
The Ensign Group,ENSG,The Pennant Group,PNTG,10/1/2019
Cramo,CRA1V,Adapteo,ADAPT.ST,7/1/2019
KAR Auction Services,KAR,IAA,IAA,6/28/2019
DuPont (FKA: DowDupont),DWDP,Corteva,CTVA,6/1/2019
VF Corporation,VFC,Kontoor Brands,KTB,5/22/2019
Novartis,NVS,Alcon,ALC,4/9/2019
AP Moller Maersk,AMKBY,The Drilling Company of 1972 A/S,DRLCO,4/4/2019
DowDupont (Merger of Dow Chemical & DuPont) TBK: New DuPont,DWDP,Dow Chemical Company,DOW,4/1/2019
Ironwood Pharmaceuticals,IRWD,Cyclerion Therapeutics,CYCN,4/1/2019
Capital Product Partners LP,CPLP,Diamond S Shipping,DSSI,3/29/2019
21st Century Fox,FOX,Fox Corporation,FOX,3/19/2019
Eli Lilly,LLY,Elanco Animal Health,ELAN,9/20/2018
Naspers,NPSNY,MultiChoice Group,MCG.JO,3/4/2019
FMC Corporation,FMC,Livent Corporation,LTHM,10/11/2018
General Electric Company,GE,Wabtec (transportation unit merged into Wabtec),WAB,2/25/2019
Henry Schein,HSIC,Covetrus,CVET,2/7/2019
NETGEAR Inc,NTGR,Arlo Technologies,ARLO,8/3/2018
BGC Partners,BGCP,Newmark Group,NMRK,11/30/2018
Wesfarmers Limited,WFAFF,Coles Group,CLEGF,11/21/2018
EQT Corporation,EQT,Equitrans Midstream Corporation,ETRN,11/12/2018
Trinity Industries,TRN,Arcosa,ACA,10/31/2018
Honeywell International,HON,Resideo Technologies,REZI,10/29/2018
AltaGas,ATGFF,AltaGas Canada,ACI,10/25/2018
Honeywell International,HON,Garrett Motion Inc,GTX,10/1/2018
ServiceMaster Global Holdings,SERV,frontdoor inc,FTDR,10/1/2018
KLX inc,KLX,KLX Energy Services,KLXE,9/14/2018
Linn Energy,None,Riviera Resources,RVRA,8/7/2018
Autoliv Inc,ALV,Veoneer Inc,VNE,6/29/2018
DDR Corp (NKA: SITECenters Corp),DDR,Retail Value Inc,RVI,6/29/2018
Atlas Copco,ATLCY,Epiroc,EPOKY,6/15/2018
DXC Technology,DXC,Perspecta (merger USPS business with Vencore and KeyPoint Government Solutions),PRSP,5/31/2018
Wyndham Destinations,WYND,Wyndham Hotels & Resorts,WH,5/31/2018
Spirit Realty Capital,SRC,Spirit MTA REIT,SMTA,5/31/2018
La Quinta Holdings,LQ,CorePoint Lodging,CPLG,5/30/2018
Dover Corporation,DOV,Apergy,APY,5/9/2018
Pentair plc,PNR,nVent Electric,NVT,4/30/2018
IDT Corporation,IDT,Rafael Holdings,RFL,3/27/2018
Cogint (TBK: Fluent),COGT,Red Violet Inc,RDVT,3/26/2018
Aptiv (FKA: Delphi Automotive),APTV,Delphi Technologies,DLPH,12/4/2017
CNX Resources Corporation (FKA: Consol Energy),CNX,CONSOL Energy Inc,CEIX,11/28/2017
CBS Corporation,CBS,CBS Radio (merged into Entercom),ETM,11/17/2017
Fairfax Media,FXJ,Domain Media,DHG,11/16/2017
BP plc,BP,BP Midstream Partners,BPMP,10/16/2016
Fidelity National Financial Ventures,FNFV,Black Knight Inc,BKI,10/2/2017
Nacco Industries,NC,Hamilton Beach Brands,HBB,9/29/2017
Hewlett Packard Enterprise,HPE,Software Assets (merged into Micro Focus),MFGP,9/1/2017
Nordic American Tankers,NAT,Nordic American Offshore stake,NAO,8/31/2017
Metlife,MET,Brighthouse Financial,BHF,8/4/2017
Ionis Pharmaceuticals,IONS,Akcea Therapeutics,AKCA,7/19/2017
Vornado Realty Trust,VNO,JBG Smith Properties (merged DC portfolio with JBG Companies),JBGS,7/17/2017
Ceconomy (FKA Metro AG),MTTRY,Metro AG,MTAGF,7/12/2017
Actelion,ALIOY,Idorsia,IDRSF,6/16/2017
Svenska Cellulosa AB,SVCBY,Essity,ETTYF,6/13/2017
Seacor Holdings,CKH,Seacor Marine,SMHI,6/1/2017
TEGNA,TGNA,Cars.com,CARS,5/31/2017
Ashland,ASH,Valvoline,VVV,5/12/2017
Lundin Petroleum,LUPEY,International Petroleum Corporation,IPCO,4/20/2017
Hewlett Packard Enterprise Company,HPE,DXC Technology,DXC,4/3/2017
BioGen Inc,BIIB,BioVerativ,BIVV,2/1/2017
Citrix Systems,CTXS,GoTo Products (merged with LogMeIn),LOGM,1/31/2017
Varian Medical Systems,VAR,Varex Imaging,VREX,1/28/2017
Intrexon,XON,Aquabounty Technologies,AQB,1/18/2017
Hilton Worldwide,HLT,Park Hotels and Resorts,PK,1/3/2017
Hilton Worldwide,HLT,Hilton Grand Vacations,HGV,1/3/2017
Xerox,XRX,Conduent Incorporated,CNDT,12/31/2016
Diversified Restaurant Holdings,SAUC,Bagger Dave's,BAGR,12/25/2016
Overseas Shipholding Group,OSG,International Seaways,INSW,11/30/2016
ConAgra Brands (FKA: ConAgra Foods),CAG,Lamb Weston,LW,11/9/2016
Arconic (FKA: Alcoa),ARNC,Alcoa,AA,11/1/2016
Johnson Controls,JCI,Adient plc,ADNT,10/31/2016
HCP Inc,HCP,Quality Care Properties,QCP,10/31/2016
YUM! Brands,YUM,Yum China Holdings,YUMC,10/31/2016
Cousins Properties (post merger with Parkway),CUZ,Parkway Inc (Houston REIT),PKY,10/7/2016
Element Fleet Management Corp (FKA: Element Financial Corp),EFN.TO,ECN Capital Corp,ECN.TO,10/3/2016
Honeywell International,HON,AdvanSix,ASIX,10/1/2016
Air Products & Chemicals,APD,Versum Materials,VSM,10/1/2016
R.R. Donnelley and Sons Company,RRD,LSC Communications Inc,LKSD,10/1/2016
R.R. Donnelley and Sons Company,RRD,Donnelley Financial Solutions,DFIN,10/1/2016
E.On,EONGY,Uniper,UN01,9/12/2016
Lockheed Martin,LMT,IS&GS Unit (Immediately Merged Into Leidos),LDOS,8/16/2016
Emergent BioSolutions,EBS,Aptevo Therapeutics,APVO,8/1/2016
Danaher Corporation,DHR,Fortive,FTV,7/2/2016
Hertz Global Holdings,HTZ,Herc Rentals,HRI,6/30/2016
Brookfield Asset Management,BAM,Brookfield Business Partners,BBU,6/20/2016
IDT Corporation,IDT,Zedge,ZDGE,6/1/2016
Koninklijke Philips N.V,PHG,Phillips Lighting,G14.F,5/27/2016
WestRock Company (combo of MeadWestvaco and Rock-Tenn),MWV,Ingevity,NGVT,5/15/2016
Starwood Hotels and Resorts Worldwide,HOT,Vistana Signature Experiences (Merged Into ILG),ILG,5/12/2016
Community Health Systems,CYH,Quorum Health Corporation,QHC,4/29/2016
Pinnacle Entertainment (Property Merged Into GLPI),Acquired,Pinnacle Entertainment (OpCo),PNK,4/28/2016
InvenTrust Properties Corp,IARE,Highlands REIT,HHDS,4/28/2016
Armstrong World Industries,AWI,Armstrong Flooring Inc,AFI,4/1/2016
Greatbatch,GB,Nuvectra,NVTR,3/14/2016
Manitowoc Company,MTW,Manitowoc Foodservice,MFS,3/4/2016
W.R Grace & Co,GRA,GCP Applied Technologies,GCP,1/27/2016
Fiat spa,FCAU,Ferrari nv,RACE,1/3/2016
America Movil S.A.B.,AMX,Telesites,TLSSF,12/21/2015
GAMCO Investors,GBL,Associated Capital Group,AC,11/30/2015
Computer Sciences Corporation,CSC,CSRA (merger of US Public Sector biz with SRA),CSRA,11/30/2015
General Electric,GE,Synchrony Financial,SYF,7/31/2016
Darden Restaurants,DRI,Four Corners Property Trust,FCPT,11/9/2015
Archrock (FKA: Exterran Holdings),AROC,Exterran Corp,EXTN,11/3/2015
HP Inc (FKA: Hewlett-Packard Company),HPQ,Hewlett Packard Enterprise,HPE,11/1/2015
Blackstone Group,BX,Advisory Business (merged into PJT Partners),PJT,10/1/2015
MSG Networks (FKA: Madison Square Garden Company),MSGN,Madison Square Garden Company,MSG,9/30/2015
Capital Southwest Corporation,CSWC,CSW Industrials,CSWI,9/30/2015
Fidelity National Financial Ventures,FNFV,J. Alexander's Holdings,JAX,9/28/2015
SPX Corporation,SPXC,SPX FLOW,FLOW,9/26/2015
Ventas,VTR,Care Capital Properties,CCP,8/17/2015
Almaden Minerals,AAU,Almadex Minerals,AXDDF,8/14/2015
Barnes & Noble,BKS,Barnes & Noble Education,BNED,8/2/2015
Viavi (FKA: JDS Uniphase),JDSU,Lumentum Holdings,LITE,8/1/2015
eBay Inc,EBAY,PayPal Holdings,PYPL,7/17/2015
E. I. du Pont de Nemours and Company (DuPont),DD,Chemours,CC,7/1/2015
Baxter International,BAX,Baxalta,BXLT,7/1/2015
Energizer Holdings,ENR,Edgewell Personal Care Company,EPC,7/1/2015
Graham Holdings Corporation,GHC,Cable ONE,CABO,7/1/2015
NiSource Inc,NI,Columbia Pipeline Group,CPGX,7/1/2015
Integra Lifesciences,IART,SeaSpine,SPNE,7/1/2015
Masco Corporation,MAS,TopBuild,BLD,6/30/2015
TriMas Corporation,TRS,Horizon Global (former Cequent business),HZN,6/30/2015
BWX Technologies (Babcock & Wilcox Company),BWXT,Babcock & Wilcox Enterprises,BW,6/30/2015
TEGNA (FKA: Gannett Co),TGNA,Gannett,GCI,6/29/2015
Glencore plc,GLCNF,Lonmin Stake,LMI,6/9/2015
PPL Corporation,PPL,Talen Energy (FKA: PPL Energy Supply - pre-Riverstone merger),TLN,6/1/2015
Colliers International (fka: FirstService Corporation),CIGI,FirstService Corporation,FSV,6/1/2015
BHP Billiton,BHP,South32,S32,5/15/2015
Windstream Holdings,WIN,Communications Sales & Leasing (CS&L),CSAL,4/24/2015
The E.W. Scripps Company (& former Journal Communications),SSP,Journal Media Group (Scripps & Journal Newspaper Assets),JMG,4/1/2015
Orbital ATK (FKA: Alliant Techsystems),OA,Vista Outdoor,VSTO,2/9/2015
Inland American Real Estate Trust,IARE,Xenia Hotels & Resorts,XHR,2/3/2015
FRP Holdings (FKA: Patriot Transportation),FRPH,Patriot Transportation Holding,PATI,1/30/2015
Vornado Realty Trust,VNO,Urban Edge Properties,UE,1/15/2015
Fidelity National Financial Ventures,FNFV,Remy International,REMY,12/31/2014
Reckitt Benckiser Group,RBGLY,Indivior PLC,INDV,12/23/2014
B/E Aerospace,BEAV,KLX Inc,KLX,12/17/2014
Occidental Petroleum,OXY,California Resources Corporation,CRC,11/30/2014
Ashford Hospitality Trust,AHT,Ashford Inc,AINC,11/12/2014
Newcastle Investment Corp,NCT,New Senior Investment Group,SNR,11/6/2014
Liberty Media,LMCA,Liberty Broadband,LBRDA,11/4/2014
Agilent Technologies,A,Keysight Technologies,KEYS,11/1/2014
Kimberly-Clark Corporation,KMB,Halyard Health,HYH,10/31/2014
Compuware Corporation,CPWR,Covisnt,COVS,10/31/2014
Kimball International,KBAL,Kimball Electronics,KE,10/31/2014
Automatic Data Processing (ADP),ADP,CDK Global,CDK,9/30/2014
Exelis,XLS,Vectrus,VEC,9/27/2014
Liberty Ventures,LVNTA,Liberty TripAdvisor Holdings,LTRPA,8/27/2014
Tribune Media (FKA: Tribune Co),TRBAA,Tribune Publishing,TPUB,8/4/2014
Demand Media,DMD,Rightside Group,NAME,8/1/2014
Noble Corporation,NE,Paragon Offshore,PGN,8/1/2014
CBS Corporation,CBS,CBS Outdoor Americas,CBSO,3/28/2014
International Paper,IP,Veritiv Corp (post merger of xpedx spinco with UWW unit),VRTV,7/1/2014
Timken Co,TKR,TimkenSteel,TMST,6/30/2014
Chesapeake Energy,CHK,Seventy Seven Energy,SSE,6/30/2014
NorthStar Realty Finance,NRF,NorthStar Asset Management,NSAM,6/30/2014
Rayonier,RYN,Rayonier Advanced Materials,RYAM,6/27/2014
Time Warner,TWX,TIME Inc,TIME,6/6/2014
The Ensign Group,ENSG,CareTrust REIT,CTRE,6/2/2014
Theravance Inc,THRX,Theravance Biopharma,TBPH,6/2/2014
National Oilwell Varco,NOV,NOW Inc,DNOW,5/28/2014
Oil States International,OIS,Civeo Corporation,CVEO,5/28/2014
Simon Property Group,SPG,Washington Prime Group,WPG,5/28/2014
SLM Corporation,SLM,Navient Corporation,NAVI,4/30/2014
Safeway,SWY,Blackhawk Network Holdings,HAWKB,4/14/2014
Sears Holdings,SHLD,Land's End,LE,4/4/2014
Dover Corporation,DOV,Knowles Corporation,KN,2/28/2014
Newcastle Investment Corp,NCT,New Media Investment Group,NEWM,2/13/2014
ONEOK Inc,OKE,ONE Gas,OGS,1/31/2014
Starwood Property Trust,STWD,Starwood Waypoint Residential Trust,SWAY,1/31/2014
Metso Corporation,MXCYY,Valmet Corporation,VALMT,12/31/2013
Amcor Limited,AMC,Orora,ORA,12/17/2013
Brambles Limited,BXB,Recall Holdings Limited,REC,12/9/2013
Ingersoll-Rand,IR,Allegion plc,ALLE,12/1/2013
Ashford Hospitality Trust,AHT,Ashford Hospitality Prime,AHP,11/19/2013
Ceasars Entertainment Corporation,CZR,Ceasars Acquisitions Company,CACQ,11/18/2013
United Online,UNTD,FTD Companies,FTD,11/1/2013
Penn National Gaming,PENN,Gaming & Leisure Properties Inc,GLPI,11/1/2013
Harvard Bioscience Inc,HBIO,Harvard Apparatus Regenerative Technology,HART,11/1/2013
Autogrill spa,ATGSY,World Duty Free Group,WDF,10/1/2013
Leidos (FKA: SAIC),LDOS,Science Applications International Corporation (SAIC),SAIC,9/27/2013
Murphy Oil Corporation,MUR,Murphy Oil USA,MUSA,8/30/2013
IDT Corporation,IDT,Straight Path Communications Inc,STRP,7/31/2013
Siemens AG,SI,Osram,OSR,7/8/2013
21st Century Fox (FKA: News Corporation),FOX,News Corporation,NWSA,6/28/2013
Covidien,COV,Mallinckrodt,MNK,6/28/2013
Pfizer,PFE,Zoetis,ZTS,6/21/2013
Kering (FKA: PPR SA),KER,Groupe Fnac,FNAC,6/20/2013
Dean Foods Company,DF,WhiteWave Foods Company,WWAV,5/23/2013
Newcastle Investment Corp,NCT,New Residential Investment Corp,NRZ,5/15/2013
Valero Energy Corporation,VLO,CST Brands,CST,5/1/2013
Brookfield Asset Management,BAM,Brookfield Property Partners,BPY,4/15/2013
Leucadia National Corp,LUK,Crimson Wine Group,CWGL,2/25/2013
Seacor Holdings,CKH,Era Group,ERA,1/31/2013
PPG Industries,PPG,Axiall Corporation (resulted from merger of Eagle Spinco with Georgia Gulf Corporation),AXLL,1/28/2013
Starz (Formerly: Liberty Media),STRZA,Liberty Media,LMCA,1/11/2013
Abbott Laboratories,ABT,AbbVie Inc,ABBV,1/2/2013
Petrobank Energy & Resources,PBEGF,Petrobakken Energy,PBKEF,12/31/2012
Altisource Portfolio Solutions SA,ASPS,Altisource Asset Management Corporation,AAMC,12/21/2012
Altisource Portfolio Solutions SA,ASPS,Altisource Residential Corporation,RESI,12/21/2012
Elan Corporation,ELN,Prothena Corporation,PRTA,12/20/2012
Vesuvius Plc (FKA: Cookson Group),VSVS,Alent Plc,ALNT,12/19/2012
Sears Holding Corporation,SHLD,Sears Canada,SCC,11/13/2012
Comverse Technologies Inc,CMVT,Comverse Inc,CNSI,10/31/2012
Mondelez International (FKA: Kraft Foods Inc),MDLZ,Kraft Foods Group Inc,KRFT,10/1/2012
FAB Universal Corporation (FKA: Wizzard Software Corporation),FU,Future Healthcare of America,FUTU,10/1/2012
Tyco International,TYC,ADT,ADT,9/28/2012
Tyco International,TYC,Flow Control Merged Into Pentair,PNR,9/28/2012
Nacco Industries,NC,Hyster-Yale Materials Handling,HY,9/28/2012
Sears Holding Corporation,SHLD,Hometown & Outlet Stores,SHOS,9/11/2012
L-3 Communications Holdings,LLL,Engility,EGL,7/17/2012
Matson Inc (FKA: Alexander & Baldwin),MATX,Alexander & Baldwin,ALEX,6/29/2012
Hillshire Brands Company (FKA: Sara Lee Corporation),HSH,D. E Master Blenders 1753,DEMBF,6/28/2012
Carrols Restaurant Group,TAST,Fiesta Restaurant Group,FRGI,5/7/2012
ConocoPhillips,COP,Phillips 66,PSX,4/30/2012
NovaGold Resources,NG,NovaCopper,NCQ,4/30/2012
Galena Biopharma,GALE,Rxi Pharmaceutical,RXII,4/26/2012
Atlas Energy LP,ATLS,Atlas Resource Partners LP,ARP,3/13/2012
Ralcorp Holdings,RAH,Post Foods,POST,2/3/2012
Sunoco,SUN,SunCoke Energy,SXC,1/17/2012
General Growth Properties,GGP,Rouse Properties,RSE,1/12/2012
Williams Companies,WMB,WPX Energy,WPX,12/31/2011
Sears Holding Company,SHLD,Orchard Supply Hardware,OSH,12/30/2011
Expedia,EXPE,TripAdvisor Inc,TRIP,12/20/2011
Inergy LP,NRGY,Inergy Midstream LP (MLP),NRGM,12/16/2011
Telecom Corporation of New Zealand,NZTCF,Chorus,CHRYY,12/1/2011
Marriott International,MAR,Marriott Vacations Worldwide,VAC,11/21/2011
Open Range Energy Corp,ONR,Poseidon Concepts,POOSF,11/4/2011
NTelos,NTLS,Lumos Networks,LMOS,10/31/2011
ITT Corporation,ITT,Exelis,XLS,10/31/2011
ITT Corporation,ITT,Xylem,XYL,10/31/2011
IDT Corporation,IDT,Genie Energy,GNE,10/31/2011
Western Copper Corporation,WRN,Copper North Mining Corp,CPNVF,10/17/2011
Western Copper Corporation,WRN,NorthIsle Copper & Gold Inc,NTCPF,10/17/2011
Beam Inc (FKA Fortune Brands),FO,Fortune Brands Home & Security,FBHS,10/3/2011
Forest Oil Corporation,FST,Lone Pine Resources,LPR,9/30/2011
Marathon Oil Corporation,MRO,Marathon Petroleum Corporation,MPC,6/30/2011
Cablevision Systems,CVC,AMC Networks,AMCX,6/30/2011
Toromont Industries Ltd,TMTNF,Enerflex,ENRFF,6/1/2011
Foster's Group Limited,FGL,Treasury Wine Estates,TSRYY,5/10/2011
CVR Energy,CVI,CVR Partners,UAN,4/8/2011
Northrop Grumman Corporation,NOC,Huntington Ingalls Industries,HII,3/30/2011
ArcelorMittal,MT,Aperam,APEMY,1/26/2011
Motorola Solutions,MSI,Motorola Mobility Holdings,MMI,1/4/2011
Contango Oil & Gas Company,MCF,Contango Ore,CTGO,12/20/2010
Sun Healthcare Group,SUNH,Sabra Healthcare REIT,SBRA,11/15/2010
General Growth Properties Inc,GGP,The Howard Hughes Corporation,HHC,11/9/2010
LRAD Corporation,LRAD,Parametric Sound Corporation,PAMT,9/27/2010
McDermott International Inc.,MDR,The Babcock & Wilcox Company,BWC,7/30/2010
Vishay Intertechnology,VSH,Vishay Precision Group,VPG,7/6/2010
Questar Corporation,STR,QEP Resources,QEP,6/30/2010
Pharmaceutical Product Development,PPDI,Furiex Pharmaceuticals,FURX,6/15/2010
CoreLogic Inc,CLGX,First American Financial Corporation,FAF,6/1/2010
Cablevision Systems Corporation,CVC,Madison Square Garden,MSG,2/9/2010
