﻿PARENT NAME,PARENT TICKER,SPINOFF NAME,SPINOFF TICKER,SPINOFF DATE,
ENOVIS CORP,ENOV,ESAB CORP,ESAB,4/5/2022,
BECTON DICKINSON & CO,BDX,EMBECTA CORP,EMBC,4/1/2022,
BROOKFIELD BUSINESS PARTNERS LP,BBU,BROOKFIELD BUSINESS CORP,BBUC,3/15/2022,
POST HOLDINGS INC,POST,BELLRING BRANDS INC,BRBR,3/11/2022,
ZIMMER BIOMET HOLDINGS INC,ZBH,ZIMVIE INC,ZIMV,3/1/2022,
CNH INDUSTRIAL NV,CNHI,IVECO GROUP,IVCGF,1/3/2022,
Vector Group Ltd.,VGR,"Douglas Elliman, Inc.",DOUG,12/30/2021,
"Stealthgas, Inc.",GASS,Imperial Petroleum Inc/Marshall Islands,IMPPP,12/6/2021,
"Stealthgas, Inc.",GASS,Imperial Petroleum Inc/Marshall Islands,IMPP,12/6/2021,
"Diana Shipping, Inc.",DSX,"Oceanpal, Inc.",OP,11/30/2021,
Realty Income Corp.,O,"Orion Office Reit, Inc.",ONL,11/15/2021,
Alliance Data Systems Corp.,ADS,"Loyalty Ventures, Inc.",LYLT,11/8/2021,
"Bluebird Bio, Inc.",BLUE,"2Seventy Bio, Inc.",TSVT,11/5/2021,
International Business Machines Corp.,IBM,"Kyndryl Holdings, Inc.",KD,11/4/2021,
"Dell Technologies, Inc.",DELL,"Vmware, Inc.",VMW,11/2/2021,
Banco SAntander (Brasil) SA,BSBR,Getnet Adquirencia E Servicos Para Meios De Pagamento SA,GET,10/22/2021,
"Ziff Davis, Inc.",ZD,"Consensus Cloud Solutions, Inc.",CCSI,10/8/2021,
Zurn Water Solutions Corp.,ZWS,Regal Rexnord Corp.,RRX,10/5/2021,
Itau Unibanco Holding SA,ITUB,"Xp, Inc.",XP,10/4/2021,
International Paper Co.,IP,Sylvamo Corp.,SLVM,10/1/2021,
Prudential PLC,PUK,"Jackson Financial, Inc.",JXN,9/20/2021,
"Bath & Body Works, Inc.",BBWI,Victoria's Secret & Co.,VSCO,8/3/2021,
"Xpo Logistics, Inc.",XPO,"Gxo Logistics, Inc.",GXO,8/2/2021,
Solarwinds Corp.,SWI,"N-Able, Inc.",NABL,7/20/2021,
Tiziana Life Sciences PLC,TLSA,"Accustem Sciences, Inc.",ACMSY,7/9/2021,
Dte Energy Co.,DTE,"Dt Midstream, Inc.",DTM,7/1/2021,
"Cvr Energy, Inc.",CVI,"Delek Us Holdings, Inc.",DK,6/11/2021,
"Merck & Co, Inc.",MRK,Organon & Co.,OGN,6/3/2021,
Iac/Interactivecorp,IAC,"Vimeo, Inc.",VMEO,5/25/2021,
Brazilian Distribution Co Companhia Brasileira De Distr Cbd,CBD,Sendas Distributor SA,ASAI,3/8/2021,
Technipfmc PLC,FTI,Technip Energies Nv,THNPY,2/16/2021,
"Verint Systems, Inc.",VRNT,Cognyte Software Ltd.,CGNT,2/2/2021,
Gold Resource Corp.,GORO,Fortitude Gold Corp.,FTCO,12/29/2020,
Apartment Investment & Management Co.,AIV,Apartment Income Reit Corp.,AIRC,12/15/2020,
Synnex Corp.,SNX,Concentrix Corp.,CNXC,12/1/2020,
"Prog Holdings, Inc.",PRG,"Aaron's Company, Inc.",AAN,12/1/2020,
"Pfizer, Inc.",PFE,"Viatris, Inc.",VTRS,11/17/2020,
Fortive Corp.,FTV,Vontier Corp.,VNT,10/9/2020,
"Pdl Biopharma, Inc.",PDLI,"Lensar, Inc.",LNSR,10/2/2020,
Bluegreen Vacations Holding Corp.,BVH,"Bbx Capital, Inc.",BBXIA,10/1/2020,
Sunpower Corp.,SPWR,Maxeon Solar Technologies Ltd.,MAXN,8/27/2020,
"Smith & Wesson Brands, Inc.",SWBI,"American Outdoor Brands, Inc.",AOUT,8/25/2020,
Brookfield Renewable Partners LP,BEP,Brookfield Renewable Corp.,BEPC,7/30/2020,
"Match Group, Inc.",MTCH,Iac/Interactivecorp,IAC,7/1/2020,
"Pdl Biopharma, Inc.",PDLI,"Evofem Biosciences, Inc.",EVFM,5/21/2020,
Madison Square Garden Sports Corp.,MSGS,Madison Square Garden Entertainment Corp.,MSGE,4/20/2020,
Raytheon Technologies Corp.,RTX,Otis Worldwide Corp.,OTIS,4/3/2020,
Raytheon Technologies Corp.,RTX,Carrier Global Corp.,CARR,4/3/2020,
"Howmet Aerospace, Inc.",HWM,Arconic Corp.,ARNC,4/1/2020,
Brookfield Infrastructure Partners LP,BIP,Brookfield Infrastructure Corp.,BIPC,4/1/2020,
Trane Technologies PLC,TT,"Ingersoll Rand, Inc.",IR,3/2/2020,
Emmis Communications Corp.,EMMS,"Mediaco Holding, Inc.",MDIA,1/7/2020,
Diversified Healthcare Trust,DHC,"Five Star Senior Living, Inc.",FVE,1/2/2020,
"Recro Pharma, Inc.",REPH,"Baudax Bio, Inc.",BXRX,11/22/2019,
"Nuance Communications, Inc.",NUAN,"Cerence, Inc.",CRNC,10/2/2019,
"Ensign Group, Inc.",ENSG,"Pennant Group, Inc.",PNTG,10/1/2019,
Echostar Corp.,SATS,Dish Network Corp.,DISH,9/11/2019,
"Kar Auction Services, Inc.",KAR,"Iaa, Inc.",IAA,6/28/2019,
"Dupont De Nemours, Inc.",DD,"Corteva, Inc.",CTVA,6/3/2019,
V F Corp.,VFC,"Kontoor Brands, Inc.",KTB,5/23/2019,
Novartis Ag,NVS,"Alcon, Inc.",ALC,4/9/2019,
"Ironwood Pharmaceuticals, Inc.",IRWD,"Cyclerion Therapeutics, Inc.",CYCN,4/2/2019,
"Dupont De Nemours, Inc.",DD,"Dow, Inc.",DOW,4/2/2019,
Capital Product Partners LP,CPLP,"Diamond S Shipping, Inc.",DSSI,3/28/2019,
"Twenty-First Century Fox, Inc.",TFCFA,Fox Corp.,FOX,3/21/2019,
"Twenty-First Century Fox, Inc.",TFCF,Fox Corp.,FOXA,3/21/2019,
Fmc Corp.,FMC,Livent Corp.,LTHM,3/4/2019,
General Electric Co.,GE,Westinghouse Air Brake Technologies Corp.,WAB,2/26/2019,
"Henry Schein, Inc.",HSIC,"Covetrus, Inc.",CVET,2/8/2019,
"Netgear, Inc.",NTGR,"Arlo Technologies, Inc.",ARLO,1/2/2019,
Select Income Reit,SIR,Industrial Logistics Properties Trust,ILPT,12/28/2018,
"Bgc Partners, Inc.",BGCP,"Newmark Group, Inc.",NMRK,12/3/2018,
"Lineage Cell Therapeutics, Inc.",LCTX,"Agex Therapeutics, Inc.",AGE,11/29/2018,
Eqt Corp.,EQT,Equitrans Midstream Corp.,ETRN,11/13/2018,
"Trinity Industries, Inc.",TRN,"Arcosa, Inc.",ACA,11/1/2018,
"Honeywell International, Inc.",HON,"Resideo Technologies, Inc.",REZI,10/29/2018,
"Terminix Global Holdings, Inc.",TMX,"Frontdoor, Inc.",FTDR,10/1/2018,
"Honeywell International, Inc.",HON,"Garrett Motion, Inc.",GTX,10/1/2018,
"Klx, Inc.",KLXI,"Klx Energy Services Holdings, Inc.",KLXE,9/17/2018,
Mercantil Servicios Financieros Ca,MSFJY,"Amerant Bancorp, Inc.",AMTB,8/29/2018,
Site Centers Corp.,SITC,"Retail Value, Inc.",RVI,7/2/2018,
"Autoliv, Inc.",ALV,"Veoneer, Inc.",VNE,7/2/2018,
Travel & Leisure Co.,TNL,"Wyndham Hotels & Resorts, Inc.",WH,6/1/2018,
"Spirit Realty Capital, Inc.",SRC,Spirit Mta Reit,SMTA,6/1/2018,
Dxc Technology Co.,DXC,"Perspecta, Inc.",PRSP,6/1/2018,
"La Quinta Holdings, Inc.",LQ,"Corepoint Lodging, Inc.",CPLG,5/31/2018,
Euroseas Ltd.,ESEA,Eurodry Ltd.,EDRY,5/31/2018,
Dover Corp.,DOV,Championx Corp.,CHX,5/9/2018,
Pentair PLC,PNR,Nvent Electric PLC,NVT,5/1/2018,
Idt Corp.,IDT,"Rafael Holdings, Inc.",RFL,3/27/2018,
"Fluent, Inc.",FLNT,"Red VIolet, Inc.",RDVT,3/27/2018,
"Digitalbridge Group, Inc.",DBRG,"Brightspire Capital, Inc.",BRSP,2/1/2018,
Aptiv PLC,APTV,Delphi Technologies PLC,DLPH,12/5/2017,
Cnx Resources Corp.,CNX,"Consol Energy, Inc.",CEIX,11/29/2017,
"Viacomcbs, Inc.",VIAC,"Audacy, Inc.",AUD,11/17/2017,
"Nacco Industries, Inc.",NC,Hamilton Beach Brands Holding Co.,HBB,10/2/2017,
"Fidelity National Financial, Inc.",FNF,"Black Knight, Inc.",BKI,10/2/2017,
Hewlett Packard Enterprise Co.,HPE,Micro Focus International PLC,MFGP,9/1/2017,
"Metlife, Inc.",MET,"Brighthouse Financial, Inc.",BHF,8/7/2017,
Vornado Realty Trust,VNO,Jbg Smith Properties,JBGS,7/18/2017,
General Electric Co.,GE,Baker Hughes Co.,BKR,7/5/2017,
"Yahoo, Inc.",YHOO,"Altaba, Inc.",AABA,6/19/2017,
"Seacor Holdings, Inc.",CKH,"Seacor Marine Holdings, Inc.",SMHI,6/2/2017,
"Tegna, Inc.",TGNA,"Carscom, Inc.",CARS,6/1/2017,
"Ashland Global Holdings, Inc.",ASH,"Valvoline, Inc.",VVV,5/15/2017,
Hewlett Packard Enterprise Co.,HPE,Dxc Technology Co.,DXC,4/3/2017,
"Biogen, Inc.",BIIB,"Bioverativ, Inc.",BIVV,2/2/2017,
"Citrix Systems, Inc.",CTXS,"Logmein, Inc.",LOGM,2/1/2017,
"Varian Medical Systems, Inc.",VAR,Varex Imaging Corp.,VREX,1/30/2017,
"Precigen, Inc.",PGEN,"Aquabounty Technologies, Inc.",AQB,1/19/2017,
"Hilton Worldwide Holdings, Inc.",HLT,"Park Hotels & Resorts, Inc.",PK,1/4/2017,
"Hilton Worldwide Holdings, Inc.",HLT,"Hilton Grand Vacations, Inc.",HGV,1/4/2017,
Xerox Holdings Corp.,XRX,"Conduent, Inc.",CNDT,1/3/2017,
"Overseas Shipholding Group, Inc.",OSG,"International Seaways, Inc.",INSW,12/1/2016,
"Conagra Brands, Inc.",CAG,"Lamb Weston Holdings, Inc.",LW,11/10/2016,
"Yum Brands, Inc.",YUM,"Yum China Holdings, Inc.",YUMC,11/1/2016,
"Healthpeak Properties, Inc.",PEAK,"Quality Care Properties, Inc.",QCP,11/1/2016,
"Howmet Aerospace, Inc.",HWM,Alcoa Corp.,AA,11/1/2016,
Johnson Controls International PLC,JCI,Adient PLC,ADNT,10/31/2016,
"Cousins Properties, Inc.",CUZ,"Parkway, Inc.",PKY,10/7/2016,
Rr Donnelley & Sons Co.,RRD,"Lsc Communications, Inc.",LKSDQ,10/3/2016,
Rr Donnelley & Sons Co.,RRD,"Donnelley Financial Solutions, Inc.",DFIN,10/3/2016,
"Honeywell International, Inc.",HON,"Advansix, Inc.",ASIX,10/3/2016,
"Air Products & Chemicals, Inc.",APD,"Versum Materials, Inc.",VSM,10/3/2016,
"Emergent Biosolutions, Inc.",EBS,"Aptevo Therapeutics, Inc.",APVO,8/1/2016,
"Qurate Retail, Inc.",LVNTB,"Commercehub, Inc.",CHUBK,7/25/2016,
"Qurate Retail, Inc.",LVNTB,"Commercehub, Inc.",CHUBB,7/25/2016,
"Qurate Retail, Inc.",LVNTA,"Commercehub, Inc.",CHUBK,7/25/2016,
"Qurate Retail, Inc.",LVNTA,"Commercehub, Inc.",CHUBA,7/25/2016,
Danaher Corp.,DHR,Fortive Corp.,FTV,7/5/2016,
"Hertz Global Holdings, Inc.",HTZGQ,"Herc Holdings, Inc.",HRI,7/1/2016,
"Brookfield Asset Management, Inc.",BAM,Brookfield Business Partners LP,BBU,6/20/2016,
Idt Corp.,IDT,"Zedge, Inc.",ZDGE,6/2/2016,
Westrock Co.,WRK,Ingevity Corp.,NGVT,5/16/2016,
"Starwood Hotel & Resorts Worldwide, Inc.",HOT,"Ilg, Inc.",ILG,5/13/2016,
"Community Health Systems, Inc.",CYH,Quorum Health Corp.,QHCCQ,5/2/2016,
"Armstrong World Industries, Inc.",AWI,"Armstrong Flooring, Inc.",AFI,4/4/2016,
Integer Holdings Corp.,ITGR,Nuvectra Corp.,NVTRQ,3/14/2016,
"Manitowoc Co, Inc.",MTW,"Welbilt, Inc.",WBT,3/4/2016,
W R Grace & Co.,GRA,"Gcp Applied Technologies, Inc.",GCP,2/4/2016,
Stellantis Nv,STLA,Ferrari Nv,RACE,1/4/2016,
"Lineage Cell Therapeutics, Inc.",LCTX,Oncocyte Corp.,OCX,1/4/2016,
Gamco Investors Inc Et Al,GBL,"Associated Capital Group, Inc.",AC,12/1/2015,
Computer Sciences Corp.,CSC,"Csra, Inc.",CSRA,11/30/2015,
"Match Group, Inc.",MTCH,"Match Group, Inc.",MTCH2,11/19/2015,
"Darden Restaurants, Inc.",DRI,"Four Corners Property Trust, Inc.",FCPT,11/10/2015,
"Archrock, Inc.",AROC,Exterran Corp.,EXTN,11/4/2015,
Northstar Realty Finance Corp.,NRF,Northstar Realty Europe Corp.,NRE,11/2/2015,
"Hp, Inc.",HPQ,Hewlett Packard Enterprise Co.,HPE,11/2/2015,
"Msg Networks, Inc.",MSGN,Madison Square Garden Sports Corp.,MSGS,10/1/2015,
Capital Southwest Corp.,CSWC,"Csw Industrials, Inc.",CSWI,10/1/2015,
"Blackstone, Inc.",BX,"Pjt Partners, Inc.",PJT,10/1/2015,
"Fidelity National Financial, Inc.",FNFV,"J Alexander's Holdings, Inc.",JAX,9/29/2015,
Spx Corp.,SPXC,"Spx Flow, Inc.",FLOW,9/28/2015,
"Ventas, Inc.",VTR,"Care Capital Properties, Inc.",CCP,8/18/2015,
"Viavi Solutions, Inc.",VIAV,"Lumentum Holdings, Inc.",LITE,8/4/2015,
"Barnes & Noble, Inc.",BKS,"Barnes & Noble Education, Inc.",BNED,8/3/2015,
"Ebay, Inc.",EBAY,"Paypal Holdings, Inc.",PYPL,7/20/2015,
"Nisource, Inc.",NI,"Columbia Pipeline Group, Inc.",CPGX,7/2/2015,
Integra Lifesciences Holdings Corp.,IART,Seaspine Holdings Corp.,SPNE,7/2/2015,
Trimas Corp.,TRS,Horizon Global Corp.,HZN,7/1/2015,
Masco Corp.,MAS,Topbuild Corp.,BLD,7/1/2015,
Graham Holdings Co.,GHC,"Cable One, Inc.",CABO,7/1/2015,
Edgewell Personal Care Co.,EPC,"Energizer Holdings, Inc.",ENR,7/1/2015,
Dupont E I De Nemours & Co.,DD1,Chemours Co.,CC,7/1/2015,
"Bwx Technologies, Inc.",BWXT,"Babcock & Wilcox Enterprises, Inc.",BW,7/1/2015,
"Baxter International, Inc.",BAX,"Baxalta, Inc.",BXLT,7/1/2015,
"Tegna, Inc.",TGNA,"Gannett Co, Inc.",GCI,6/29/2015,
"Precigen, Inc.",PGEN,"Ziopharm Oncology, Inc.",ZIOP,6/9/2015,
"Colliers International Group, Inc.",CIGI,Firstservice Corp.,FSV,6/2/2015,
"Windstream Holdings, Inc.",WINMQ,"Uniti Group, Inc.",UNIT,4/27/2015,
Ew Scripps Co.,SSP,"Journal Media Group, Inc.",JMG,4/1/2015,
Nexpoint Strategic Opportunities Fund,NHF,"Nexpoint Residential Trust, Inc.",NXRT,4/1/2015,
Atlas Energy LP,ATLS1,Atlas Energy Group LLC,ATLS,2/26/2015,
"Orbital Atk, Inc.",OA,"Vista Outdoor, Inc.",VSTO,2/10/2015,
Inventrust Properties Corp.,IARE,"Xenia Hotels & Resorts, Inc.",XHR,2/4/2015,
"Frp Holdings, Inc.",FRPH,"Patriot Transportation Holding, Inc.",PATI,2/2/2015,
Vornado Realty Trust,VNO,Urban Edge Properties,UE,1/16/2015,
"B/E Aerospace, Inc.",BEAV,"Klx, Inc.",KLXI,12/17/2014,
"Symmetry Medical, Inc.",SMA,"Symmetry Surgical, Inc.",SSRG,12/5/2014,
Occidental Petroleum Corp.,OXY,California Resources Corp.,CRCQQ,12/1/2014,
Liberty Media Corp.,FWONB,Liberty Broadband Corp.,LBRDB,11/13/2014,
"Cash America International, Inc.",CSH,"Enova International, Inc.",ENVA,11/13/2014,
"Drive Shack, Inc.",DS,"New Senior Investment Group, Inc.",SNR,11/7/2014,
Liberty Media Corp.,FWONA,Liberty Broadband Corp.,LBRDA,11/5/2014,
Kimberly Clark Corp.,KMB,"Avanos Medical, Inc.",AVNS,11/3/2014,
"Kimball International, Inc.",KBAL,"Kimball Electronics, Inc.",KE,11/3/2014,
"Agilent Technologies, Inc.",A,"Keysight Technologies, Inc.",KEYS,11/3/2014,
"Qurate Retail, Inc.",QRTEB,"Qurate Retail, Inc.",LVNTB,10/16/2014,
"Qurate Retail, Inc.",QRTEA,"Qurate Retail, Inc.",LVNTA,10/15/2014,
"Automatic Data Processing, Inc.",ADP,"Cdk Global, Inc.",CDK,10/1/2014,
"Exelis, Inc.",XLS,"Vectrus, Inc.",VEC,9/29/2014,
"Qurate Retail, Inc.",LVNTB,"Liberty Tripadvisor Holdings, Inc.",LTRPB,8/28/2014,
"Qurate Retail, Inc.",LVNTA,"Liberty Tripadvisor Holdings, Inc.",LTRPA,8/28/2014,
Noble Corp.,NEBLQ,Paragon Offshore PLC,PGNPQ,8/4/2014,
Leaf Group Ltd.,LEAF,Rightside Group Ltd.,NAME,8/4/2014,
General Electric Co.,GE,Synchrony Financial,SYF,7/31/2014,
Tribune Media Co.,TRCO,Tribune Publishing Co.,TPCO,7/24/2014,
"Viacomcbs, Inc.",VIAC,"Outfront Media, Inc.",OUT,7/16/2014,
Timken Co.,TKR,Timkensteel Corp.,TMST,7/1/2014,
Chesapeake Energy Corp.,CHKAQ,"Seventy Seven Energy, Inc.",SSEIQ,7/1/2014,
"Rayonier, Inc.",RYN,"Rayonier Advanced Materials, Inc.",RYAM,6/30/2014,
Northstar Realty Finance Corp.,NRF,"Digitalbridge Group, Inc.",DBRG,6/30/2014,
"Time Warner, Inc.",TWX,"Time, Inc.",TIME,6/9/2014,
"Innoviva, Inc.",INVA,"Theravance Biopharma, Inc.",TBPH,6/3/2014,
"Ensign Group, Inc.",ENSG,"Caretrust Reit, Inc.",CTRE,6/3/2014,
"Oil States International, Inc.",OIS,Civeo Corp.,CVEO,6/2/2014,
"Nov, Inc.",NOV,"Now, Inc.",DNOW,6/2/2014,
"Simon Property Group, Inc.",SPG,"Washington Prime Group, Inc.",WPG,5/29/2014,
Slm Corp.,SLM,Navient Corp.,NAVI,5/1/2014,
Sears Holdings Corp.,SHLDQ,"Lands' End, Inc.",LE,4/7/2014,
Dover Corp.,DOV,Knowles Corp.,KN,3/3/2014,
"Drive Shack, Inc.",DS,"New Media Investment Group, Inc.",NEWM,2/14/2014,
"Synergy Pharmaceuticals, Inc.",SGYPQ,"Hepion Pharmaceuticals, Inc.",HEPA,2/11/2014,
"Digital Generation, Inc.",DGIT,"Sizmek, Inc.",SZMK,2/10/2014,
"Starwood Property Trust, Inc.",STWD,Starwood Waypoint Homes,SFR,2/3/2014,
"Oneok, Inc.",OKE,"One Gas, Inc.",OGS,2/3/2014,
Trane Technologies PLC,TT,Allegion PLC,ALLE,12/2/2013,
"Ashford Hospitality Trust, Inc.",AHT,"Braemar Hotels & Resorts, Inc.",BHR,11/20/2013,
"Penn National Gaming, Inc.",PENN,"Gaming & Leisure Properties, Inc.",GLPI,11/4/2013,
"Harvard Bioscience, Inc.",HBIO,"Biostage, Inc.",BSTG,11/4/2013,
"United Online, Inc.",UNTD,"Ftd Companies, Inc.",FTDCQ,11/1/2013,
"Leidos Holdings, Inc.",LDOS,Science Applications International Corp.,SAIC,9/30/2013,
Murphy Oil Corp.,MUR,"Murphy Usa, Inc.",MUSA,9/3/2013,
Idt Corp.,IDT,"Straight Path Communications, Inc.",STRP,8/1/2013,
"American Dg Energy, Inc.",ADGE,"Eurosite Power, Inc.",EUSP,7/23/2013,
"Twenty-First Century Fox, Inc.",TFCFA,News Corp.,NWS,7/1/2013,
"Twenty-First Century Fox, Inc.",TFCF,News Corp.,NWSA,7/1/2013,
Covidien PLC,COV,Mallinckrodt PLC,MNKKQ,7/1/2013,
Dean Foods Co.,DFODQ,Whitewave Foods Co.,WWAV.B,5/24/2013,
Dean Foods Co.,DFODQ,Whitewave Foods Co.,WWAV,5/24/2013,
"Drive Shack, Inc.",DS,New Residential Investment Corp.,NRZ,5/16/2013,
Valero Energy Corp.,VLO,"Cst Brands, Inc.",CST,5/2/2013,
"Brookfield Asset Management, Inc.",BAM,Brookfield Property Partners LP,BPY,4/15/2013,
"Jefferies Financial Group, Inc.",JEF,Crimson Wine Group Ltd.,CWGL,2/26/2013,
"Seacor Holdings, Inc.",CKH,"Bristow Group, Inc.",VTOL,2/1/2013,
"Ppg Industries, Inc.",PPG,Axiall Corp.,AXLL,1/28/2013,
Kazia Therapeutics Ltd.,KZIA,"Mei Pharma, Inc.",MEIP,1/28/2013,
Starz,STRZB,Liberty Media Corp.,FWONB,1/14/2013,
Starz,STRZA,Liberty Media Corp.,FWONA,1/14/2013,
Abbott Laboratories,ABT,"Abbvie, Inc.",ABBV,1/2/2013,
Elan Corp PLC,ELN,Prothena Co.rp Public Ltd Co.,PRTA,12/21/2012,
Altisource Portfolio Solutions SA,ASPS,Front Yard Residential Corp.,RESI,12/14/2012,
Altisource Portfolio Solutions SA,ASPS,Altisource Asset Management Corp.,AAMC,12/14/2012,
Sears Holdings Corp.,SHLDQ,"Sears Canada, Inc.",SRSCQ,11/16/2012,
"Comverse Technology, Inc.",CMVT,"Xura, Inc.",MESG,11/1/2012,
"Mondelez International, Inc.",MDLZ,"Kraft Foods Group, Inc.",KRFT,10/2/2012,
Fab Universal Corp.,FABU,Natur International Corp.,NTRU,10/2/2012,
Tyco International PLC,TYC,Pentair PLC,PNR,10/1/2012,
Tyco International PLC,TYC,Adt Corp.,ADT1,10/1/2012,
"Nacco Industries, Inc.",NC,"Hyster-Yale Materials Handling, Inc.",HY,10/1/2012,
"L3 Technologies, Inc.",LLL,"Engility Holdings, Inc.",EGL,7/18/2012,
"Matson, Inc.",MATX,"Alexander & Baldwin, Inc.",ALEX,7/2/2012,
Hillshire Brands Co.,HSH,De Master Blenders 1753 Nv,DEMBF,6/29/2012,
"Sellas Life Sciences Group, Inc.",SLS,Phio Pharmaceuticals Corp.,PHIO,5/10/2012,
"Carrols Restaurant Group, Inc.",TAST,"Fiesta Restaurant Group, Inc.",FRGI,5/8/2012,
Meadwestvaco Corp.,MWV,Acco Brands Corp.,ACCO,5/1/2012,
Conocophillips,COP,Phillips 66,PSX,5/1/2012,
Atlas Energy LP,ATLS1,Atlas Resource Partners LP,ARPJQ,3/14/2012,
"Ralcorp Holdings, Inc.",RAH,"Post Holdings, Inc.",POST,2/6/2012,
"Sunoco, Inc.",SUN1,"Suncoke Energy, Inc.",SXC,1/18/2012,
"Ggp, Inc.",GGP,"Rouse Properties, Inc.",RSE,1/13/2012,
"Williams Companies, Inc.",WMB,"Wpx Energy, Inc.",WPX,1/3/2012,
Sears Holdings Corp.,SHLDQ,Orchard Supply Hardware Stores Corp.,OSHWQ,12/27/2011,
"Expedia Group, Inc.",EXPE,"Tripadvisor, Inc.",TRIP,12/21/2011,
"Marriott International, Inc.",MAR,Marriott Vacations Worldwide Corp.,VAC,11/22/2011,
Ntelos Holdings Corp.,NTLS,Lumos Networks Corp.,LMOS,11/1/2011,
"Itt, Inc.",ITT,"Xylem, Inc.",XYL,11/1/2011,
"Itt, Inc.",ITT,"Exelis, Inc.",XLS,11/1/2011,
Idt Corp.,IDT,Genie Energy Ltd.,GNE,10/31/2011,
"Beam, Inc.",BEAM2,"Fortune Brands Home & Security, Inc.",FBHS,10/4/2011,
Sabine Oil & Gas Corp.,SOGCQ,"Lone Pine Resources, Inc.",LPRIQ,10/3/2011,
Marathon Oil Corp.,MRO,Marathon Petroleum Corp.,MPC,7/1/2011,
Cablevision Systems Corp.,CVC,"Amc Networks, Inc.",AMCX,7/1/2011,
Northrop Grumman Corp.,NOC,"Huntington Ingalls Industries, Inc.",HII,3/31/2011,
Arcelormittal,MT,Aperam,APEMY,1/25/2011,
"Motorola Solutions, Inc.",MSI,"Motorola Mobility Holdings, In",MMI1,1/4/2011,
"Maxygen, Inc.",MAXY,"Codexis, Inc.",CDXS,12/15/2010,
"Sabra Health Care Reit, Inc.",SBRA,"Sun Healthcare Group, Inc.",SUNH,11/16/2010,
"Ggp, Inc.",GGP,Howard Hughes Corp.,HHC,11/10/2010,
Scully Royalty Ltd.,SRL,Khd Humboldt Wedag International Ag,KHDHF,9/21/2010,
"Genasys, Inc.",GNSS,Turtle Beach Corp.,HEAR,9/13/2010,
"Mcdermott International, Inc.",MDRIQ,"Bwx Technologies, Inc.",BWXT,8/2/2010,
"Vishay Intertechnology, Inc.",VSH,"Vishay Precision Group, Inc.",VPG,7/7/2010,
"Verizon Communications, Inc.",VZ,Frontier Communications Corp.,FTRCQ,7/2/2010,
Questar Corp.,STR,"Qep Resources, Inc.",QEP,7/1/2010,
"Emerald Oil, Inc.",EOXLQ,"Sow Good, Inc.",SOWG,7/1/2010,
"Pharmaceutical Product Development, Inc.",PPDI,"Furiex Pharmaceuticals, Inc.",FURX,6/2/2010,
"Corelogic, Inc.",CLGX,First American Financial Corp.,FAF,6/2/2010,
Cablevision Systems Corp.,CVC,"Msg Networks, Inc.",MSGN,2/10/2010,
"Time Warner, Inc.",TWX,"Aol, Inc.",AOL,12/10/2009,
"Ovintiv, Inc.",OVV,"Cenovus Energy, Inc.",CVE,12/9/2009,
"Zoom Technologies, Inc.",ZTNO,"Minim, Inc.",MINM,10/16/2009,
"Cardinal Health, Inc.",CAH,Carefusion Corp.,CFN,9/1/2009,
Ocwen Financial Corp.,OCN,Altisource Portfolio Solutions SA,ASPS,8/10/2009,
"Myriad Genetics, Inc.",MYGN,"Myrexis, Inc.",MYRX,6/15/2009,
"L3Harris Technologies, Inc.",LHX,"Aviat Networks, Inc.",AVNW,5/11/2009,
"Phoenix Companies, Inc.",PNX,"Virtus Investment Partners, Inc.",VRTS,1/2/2009,
Potlatchdeltic Corp.,PCH,Clearwater Paper Corp.,CLW,12/17/2008,
Brinks Co.,BCO,"Brink's Home Security Holdings, Inc.",CFL,11/3/2008,
Digimarc Corp.,DMRC1,Digimarc Corp.,DMRC,10/17/2008,
Cypress Semiconductor Corp.,CY,Sunpower Corp.,SPWR,9/30/2008,
"Discovery, Inc.",DISCA,"Ascent Capital Group, Inc.",ASCMA,9/18/2008,
Igate Corp.,IGTE,"Mastech Digital, Inc.",MHH,9/17/2008,
"Metlife, Inc.",MET,"Reinsurance Group Of America, Inc.",RGA.B,9/12/2008,
"Metlife, Inc.",MET,"Reinsurance Group Of America, Inc.",RGA,9/12/2008,
"Match Group, Inc.",MTCH,"Lendingtree, Inc.",TREE,8/20/2008,
"Match Group, Inc.",MTCH,"Ticketmaster Entertainment, Inc.",TKTM,8/20/2008,
"Match Group, Inc.",MTCH,"Ilg, Inc.",ILG,8/20/2008,
"Match Group, Inc.",MTCH,"Hsn, Inc.",HSNI,8/20/2008,
"Integrated Biopharma, Inc.",INBP,"Ibio, Inc.",IBIO,8/19/2008,
"Fmc Technologies, Inc.",FTI1,John Bean Technologies Corp.,JBT,8/1/2008,
"Fidelity National Information Services, Inc.",FIS,"Lender Processing Services, Inc.",LPS,7/3/2008,
Ew Scripps Co.,SSP,"Scripps Networks Interactive, Inc.",SNI,7/1/2008,
"Bentley Pharmaceuticals, Inc.",BNT,"Cpex Pharmaceuticals, Inc.",CPEX1,7/1/2008,
Cadbury Schweppes Public Ltd Co.,CDSCY,"Keurig Dr Pepper, Inc.",KDP,5/7/2008,
"Hill-Rom Holdings, Inc.",HRC,"Hillenbrand, Inc.",HI,4/1/2008,
"Altria Group, Inc.",MO,"Philip Morris International, Inc.",PM,3/31/2008,
Cytrx Corp.,CYTR,"Sellas Life Sciences Group, Inc.",SLS,3/7/2008,
Belo Corp.,BLC,Dallasnews Corp.,DALN,2/11/2008,
Dish Network Corp.,DISH,Echostar Corp.,SATS,1/2/2008,
"Temple Inland, Inc.",TIN,"Guaranty Financial Group, Inc.",GFGFQ,12/31/2007,
"Temple Inland, Inc.",TIN,"Forestar Group, Inc.",FOR,12/31/2007,
Brek Energy Corp.,BREK,Rock City Energy Corp.,N/A,11/13/2007,
Marshall & Ilsley Corp.,MI,"Metavante Technologies, Inc.",MV,11/2/2007,
Peabody Energy Corp.,BTUUQ,Patriot Coal Corp.,PCXCQ,11/1/2007,
"Acuity Brands, Inc.",AYI,"Zep, Inc.",ZEP,11/1/2007,
Ncr Corp.,NCR,Teradata Corp.,TDC,10/1/2007,
Point 360,PTSX1,Point360,PTSXQ,8/15/2007,
"Trane, Inc.",TT2,"Wabco Holdings, Inc.",WBC,8/1/2007,
Tyco International PLC,TYC,Te Connectivity Ltd.,TEL,7/2/2007,
Tyco International PLC,TYC,Covidien PLC,COV,7/2/2007,
Morgan Stanley,MS,Discover Financial Services,DFS,7/2/2007,
"Automatic Data Processing, Inc.",ADP,"Broadridge Financial Solutions, Inc.",BR,4/2/2007,
"Valhi, Inc.",VHI,Titanium Metals Corp.,TIE,3/27/2007,
Duke Energy Corp.,DUK,Spectra Energy Corp.,SE1,1/3/2007,
"Verizon Communications, Inc.",VZ,"Idearc, Inc.",IDARQ,11/20/2006,
Alberto-Culver Co.,ACV1,"Sally Beauty Holdings, Inc.",SBH,11/17/2006,
Extendicare Real Estate Investment Trust,EXETF,"Assisted Living Concepts, Inc.",ALC1,11/10/2006,
"Fidelity National Financial, Inc.",FNF1,"Fidelity National Financial, Inc.",FNF,10/25/2006,
First Data Corp.,FDC1,Western Union Co.,WU,10/2/2006,
Hillshire Brands Co.,HSH,"Home Bancshares, Inc.",HOMB,9/6/2006,
Crown Resources Corp.,CRCE,Solitario Zinc Corp.,XPL,9/6/2006,
"Avis Budget Group, Inc.",CAR,Travel & Leisure Co.,TNL,8/1/2006,
"Avis Budget Group, Inc.",CAR,Realogy Corp.,H1,8/1/2006,
Sabine Oil & Gas Corp.,SOGCQ,"Mariner Energy, Inc.",ME1,3/3/2006,
"Gray Television, Inc.",GTN,"Triple Crown Media, Inc.",TCMIQ,1/3/2006,
"Clear Channel Communications, Inc.",CCU1,"Live Nation Entertainment, Inc.",LYV,12/22/2005,
American Express Co.,AXP,"Ameriprise Financial, Inc.",AMP,10/3/2005,
"Beam, Inc.",BEAM2,Acco Brands Corp.,ACCO,8/17/2005,
"Match Group, Inc.",MTCH,"Expedia Group, Inc.",EXPE,8/9/2005,
"Texas Industries, Inc.",TXI,Chaparral Steel Co.,CHAP1,8/1/2005,
"Mestek, Inc.",MCCK,"Omega Flex, Inc.",OFLX,8/1/2005,
Liberty Media Corp.,LMC.B,"Discovery, Inc.",DISCB,7/21/2005,
Liberty Media Corp.,L1,"Discovery, Inc.",DISCA,7/21/2005,
Dean Foods Co.,DFODQ,"Treehouse Foods, Inc.",THS,6/28/2005,
"Alcan, Inc.",AL1,"Novelis, Inc.",NVL,1/19/2005,
"Motorola Solutions, Inc.",MSI,"Freescale Semiconductor, Inc.",FSL.B,12/3/2004,
Kimberly Clark Corp.,KMB,"Neenah, Inc.",NP,12/1/2004,
Viad Corp.,VVI,"Moneygram International, Inc.",MGI,7/2/2004,
Liberty Media Corp.,LMC.B,Liberty Global PLC,LBTYB,6/8/2004,
Liberty Media Corp.,L1,Liberty Global PLC,LBTYA,6/8/2004,
"Accelrys, Inc.",ACCL,"Pharmacopeia, Inc.",PCOP,5/3/2004,
Abbott Laboratories,ABT,"Hospira, Inc.",HSP,5/3/2004,
Centex Corp.,CTX1,"Eagle Materials, Inc.",EXP.B,2/2/2004,
Centex Corp.,CTX1,"Eagle Materials, Inc.",EXP,2/2/2004,
Us Bancorp,USB,Piper Sandler Companies,PIPR,1/2/2004,
"Pelican Financial, Inc.",PFI1,"Washtenaw Group, Inc.",TWHR,1/2/2004,
"Nl Industries, Inc.",NL,"Kronos Worldwide, Inc.",KRO,12/9/2003,
"Neighborcare, Inc.",NCRX,Genesis Healthcare Corp.,GHCI,12/2/2003,
"Three Five Systems, Inc.",TFSIQ,Syntax-Brillian Corp.,BRLCQ,9/16/2003,
"Merck & Co, Inc.",MRK,"Medco Health Solutions, Inc.",MHS,8/20/2003,
Centex Corp.,CTX1,"Cavco Industries, Inc.",CVCO,7/1/2003,
"Monster Worldwide, Inc.",MWW,"Hudson Global, Inc.",HSON,4/1/2003,
Astronics Corp.,ATRO,Mod Pac Corp.,MPAC1,3/17/2003,
"Centerpoint Energy, Inc.",CNP,"Texas Genco Holdings, Inc.",TGN,1/7/2003,
"Brookfield Office Properties, Inc.",BPO,Brookfield Homes Corp.,BHS,1/7/2003,
"Plains Resources, Inc.",PLX1,Plains Exploration & Production Co.,PXP,12/19/2002,
"Dsp Group, Inc.",DSPG,"Ceva, Inc.",CEVA,11/4/2002,
Yellow Corp.,YELL,"Saia, Inc.",SAIA,10/1/2002,
"Helmerich & Payne, Inc.",HP,Cimarex Energy Co.,XEC,10/1/2002,
"Centerpoint Energy, Inc.",CNP,"Genon Energy, Inc.",GEN1,10/1/2002,
"Circuit City Stores, Inc.",CCTYQ,"Carmax, Inc.",KMX,10/1/2002,
Chugai Pharmaceutical Co Ltd.,CHGCY,"Gen Probe, Inc.",GPRO1,9/9/2002,
"Fuel Systems Solutions, Inc.",FSYS,"Quantum Fuel Systems Technologies Worldwide, Inc.",QTWWQ,7/24/2002,
"Sws Group, Inc.",SWS,"Westwood Holdings Group, Inc.",WHG,7/1/2002,
"Allergan, Inc.",AGN1,"Advanced Medical Optics, Inc.",EYE2,7/1/2002,
"Gentiva Health Services, Inc.",GTIV,"Accredo Health, Inc.",ACDO,6/18/2002,
"Lucent Technologies, Inc.",LU1,"Agere Systems, Inc.",AGR1,6/3/2002,
"Lucent Technologies, Inc.",LU1,"Agere Systems, Inc.",AGR.B,6/3/2002,
Goodrich Corp.,GR,"Enpro Industries, Inc.",NPO,6/3/2002,
Trizec Hahn Corp.,TZH,"Trizec Properties, Inc.",TRZ,5/9/2002,
"Dover Motorsports, Inc.",DVD,"Dover Downs Gaming & Entertainment, Inc.",DDE,4/1/2002,
"Thermo Fisher Scientific, Inc.",TMO,"Viasys Healthcare, Inc.",VAS,11/16/2001,
"Seracare, Inc.",SRK,"Seracare Life Sciences, Inc.",SRLSQ,9/26/2001,
"Thermo Fisher Scientific, Inc.",TMO,"Kadant, Inc.",KAI,8/9/2001,
Bristol Myers Squibb Co.,BMY,"Zimmer Biomet Holdings, Inc.",ZBH,8/7/2001,
"Equifax, Inc.",EFX,"Fidelity National Information Services, Inc.",FIS,7/9/2001,
Furmanite Corp.,FRM,Kaneb Services LLC,KSL,7/2/2001,
"Methode Electronics, Inc.",METHB,"Stratos International, Inc.",STLW,4/30/2001,
"Methode Electronics, Inc.",MEI,"Stratos International, Inc.",STLW,4/30/2001,
Southern Co.,SO,Mirant Corp.,MIRKQ,4/3/2001,
Cablevision Systems Corp.,CVC,Cablevision Systems Corp.,RMG2,3/30/2001,
"Flowers Industries, Inc.",FLO.A,"Flowers Foods, Inc.",FLO,3/27/2001,
"Amicas, Inc.",AMCS,"Practiceworks, Inc.",PRWK,3/6/2001,
"Rpc, Inc.",RES,Marine Products Corp.,MPX,3/1/2001,
Pharmacia Corp.,PHA,Monsanto Co.,MON2,10/18/2000,
St Joe Co.,JOE,"Florida East Coast Industries, Inc.",FLA,10/10/2000,
"Lucent Technologies, Inc.",LU1,"Avaya, Inc.",AV1,10/2/2000,
"Ims Health, Inc.",RX,"Synavant, Inc.",SNVT,9/1/2000,
Ford Motor Co.,F,Visteon Corp.,VSTNQ,8/3/2000,
Enerpac Tool Group Corp.,EPAC,Apw Ltd.,APW,7/24/2000,
Kansas City Southern,KSU,"Janus Capital Group, Inc.",JNS,7/13/2000,
"Delta Woodside Industries, Inc.",DLWI,"Delta Apparel, Inc.",DLA,7/3/2000,
"Delta Woodside Industries, Inc.",DLWI,"Duck Head Apparel Co, Inc.",DHA,7/3/2000,
"Autonation, Inc.",AN,Anc Rental Corp.,ANCJQ,6/30/2000,
Ralston Purina Co.,RAL,Edgewell Personal Care Co.,EPC,4/4/2000,
"Baxter International, Inc.",BAX,Edwards Lifesciences Corp.,EW,4/3/2000,
Olsten Corp.,OLS,"Gentiva Health Services, Inc.",GTIV,3/16/2000,
Amr Corp.,AAMRQ,Sabre Holdings Corp.,TSG1,3/16/2000,
"L3Harris Technologies, Inc.",LHX,"Lanier Worldwide, Inc.",LR,11/8/1999,
"Aerojet Rocketdyne Holdings, Inc.",AJRD,"Omnova Solutions, Inc.",OMN,10/4/1999,
"Lgl Group, Inc.",LGL,Lynch Interactive Corp.,LICT,9/2/1999,
"Ims Health, Inc.",RX,"Gartner, Inc.",IT,7/27/1999,
Genzyme Corp.,GENZ,Genzyme Corp.,GZSP,6/29/1999,
General Motors Corp.,MTLQQ,Delphi Corp.,DPHIQ,5/28/1999,
"Hca Healthcare, Inc.",HCA1,"Triad Hospitals, Inc.",TRI1,5/12/1999,
"Hca Healthcare, Inc.",HCA1,"Lifepoint Health, Inc.",LPNT,5/12/1999,
Olin Corp.,OLN,"Arch Chemicals, Inc.",ARJ,2/9/1999,
Hilton Hotels Corp.,HLT1,"Caesars Entertainment, Inc.",CZR1,1/4/1999,
"Cincinnati Bell, Inc.",CBB,Convergys Corp.,CVG,1/4/1999,
Pennzenergy Co.,PZE1,Pennzoil Quaker State Co.,PZL,12/31/1998,
Genzyme Corp.,GENZ,Genzyme Corp.,GZMO,11/16/1998,
"Merry Land & Investment Co, Inc.",MRY1,"Merry Land Properties, Inc.",MRYP,10/13/1998,
"American Medical Security Group, Inc.",AMZ,Cobalt Corp.,CBZ1,9/28/1998,
"Qualcomm, Inc.",QCOM,"Leap Wireless International, Inc.",LWINQ,9/25/1998,
Pittway Corp.,PRY1,"Penton Media, Inc.",PTON1,8/11/1998,
Pittway Corp.,PRY.A,"Penton Media, Inc.",PTON1,8/11/1998,
Dun & Bradstreet Corp.,DNB2,Dun & Bradstreet Corp.,DNB1,7/1/1998,
Great Lakes Chemical Corp.,GLK,"Innospec, Inc.",IOSP,5/26/1998,
Ralston Purina Co.,RAL,"Agribrands International, Inc.",AGX1,4/1/1998,
"Allergan, Inc.",AGN1,"Allergan Specialty Therapeutics, Inc.",ASTI1,3/11/1998,
"Pepsiamericas, Inc.",PAS,"Midas, Inc.",MDS,1/30/1998,
,,,,,
,,,,,
,,,,,
,,,,,
,,,,,
